Person_id,Target
Id_r90136smvl,1
Id_wawdqhmu6s,1
Id_ap2czff2bu,1
Id_uhgink7iha,1
Id_5j6bzk3k81,1
Id_r1njgsuhs9,1
Id_d9n59ghzjb,1
Id_vzab7oazqr,1
Id_nefqci92p8,1
Id_qqrnnetvxv,1
Id_7w2fd5w86s,1
Id_pzpuicll9c,1
Id_st3is8bql2,1
Id_qs1zt43xvu,1
Id_9cu0vdzh1m,1
Id_poxmo2d4pe,1
Id_lkbh7wwizt,1
Id_o33z7do9gv,1
Id_2g0jvhjt7m,1
Id_a8coh9dw38,1
Id_2qj0ah1psu,1
Id_kpvmehnz28,1
Id_mgltuwq5z6,1
Id_d4og0tu3n8,1
Id_yufvflupuk,1
Id_u0whg32wag,1
Id_xt0ryw5lj3,1
Id_b16iwbgm7h,1
Id_rw1mzpkmbh,1
Id_dh12ciw7aj,1
Id_ucc8nen4br,1
Id_zabfn6r9hy,1
Id_9316s6vbdf,1
Id_qj48ua0e71,1
Id_iev9vrtvwh,1
Id_gta8cmufua,1
Id_zd7zmjgmlh,1
Id_9xsxi3zkds,1
Id_vor2e80rle,1
Id_81faoo7jtd,1
Id_t8cshwbsx1,1
Id_ce7987x9yb,1
Id_vwbab4cxdn,1
Id_wlhdmq0y8v,1
Id_ijbnb5l2r7,1
Id_291krf6edr,1
Id_li6hmy2e8y,1
Id_ugqu9wfir4,1
Id_5mvhlc4oto,1
Id_omktaezr3k,1
Id_mp2omgupeg,1
Id_guxs9a9rp8,1
Id_owwgvlhtm2,1
Id_2phe5bonhr,1
Id_wxujl0skjo,1
Id_ezcagqsdoh,1
Id_3ojndwyspm,1
Id_di8dup17uk,1
Id_2s9fwx18nt,1
Id_gw0p5veuf2,1
Id_ul54vz814d,1
Id_fk01mum0zb,1
Id_i5ho67pyep,1
Id_04whybbwpy,1
Id_0qijiqqjfw,1
Id_ib78u6d1u5,1
Id_wil30h6uqo,1
Id_gco4s6s0y0,1
Id_i2zt2wyw67,1
Id_u6qzopxfoo,1
Id_9qhc9jmlw5,1
Id_3hqg13lpub,1
Id_xg69jmr988,1
Id_uf4nopfet5,1
Id_nvu0rx02yq,1
Id_wpetow3d86,1
Id_0b6micntbf,1
Id_t2hpqyerdd,1
Id_9w39fssh0z,1
Id_izf7avuyof,1
Id_horgi1i0h5,1
Id_c1ck3oamtf,1
Id_b97f46dlm4,1
Id_e7jnyu9nio,1
Id_6jis2dwfpf,1
Id_cwfw3jz8mn,1
Id_ckz41r5xnd,1
Id_0lddi6fymp,1
Id_qb6cvsj6d1,1
Id_mevy3q7025,1
Id_4f18c92qin,1
Id_70u1j9yxhw,1
Id_gmoiyj02t8,1
Id_eui0etibtj,1
Id_ml0shy5ndd,1
Id_ec2sjwcz91,1
Id_rjahjm0hug,1
Id_abyqg3tash,1
Id_lzos5ypdrm,1
Id_kdvnff0zsh,1
Id_86b4m22rpu,1
Id_x2hp46jgt7,1
Id_zpp3md8ezd,1
Id_e3b7m1pivk,1
Id_ylj1j29c2t,1
Id_4mqpa30io0,1
Id_gb6gbddvde,1
Id_33q9kspnhl,1
Id_spcfhi9ani,1
Id_3xhfl2dkwc,1
Id_capl79l0ck,1
Id_hize5ozuc7,1
Id_9e595qehvb,1
Id_mv3bdtgvrm,1
Id_sh6y5sognb,1
Id_otoztzpre0,1
Id_7lrax702sw,1
Id_2yyc8cscz1,1
Id_hko3gz0dk7,1
Id_wk20cknod9,1
Id_v021qhmpjd,1
Id_hqsrc0tikc,1
Id_c4emke5y04,1
Id_t3352uxc4i,1
Id_5z20x5e83v,1
Id_qdcud0yly8,1
Id_ww8zw7ae8a,1
Id_1y41yyh09p,1
Id_6gmks7pmqr,1
Id_hm2hws8vmx,1
Id_ffwi6hx95x,1
Id_wp4xaj2x44,1
Id_q9w6fjzuva,1
Id_4hi7as50nt,1
Id_e9mdtbubkh,1
Id_if24ufm5uj,1
Id_68ii10j2y5,1
Id_cba8vbwfcd,1
Id_5va26rv1po,1
Id_h2u5uz2c1i,1
Id_oi4y3y2j24,1
Id_if7xxvy5sy,1
Id_ul1tzww8yo,1
Id_g1zdjwg70b,1
Id_ymo26re9kq,1
Id_7i4g0dgq3g,1
Id_dtd4wertk3,1
Id_eduju9teke,1
Id_qua5ppnddr,1
Id_pgaf0nxrml,1
Id_mfkzmksvk8,1
Id_xae7uo6rns,1
Id_bg0pf0x0c9,1
Id_gqy88jh41f,1
Id_dulraax74m,1
Id_br9w5vf3nt,1
Id_hm4k3ett7c,1
Id_3wbyw2qsxx,1
Id_nhc76gnpfv,1
Id_g37tyo68ez,1
Id_doy6wdfgwc,1
Id_x9qspakya3,1
Id_y5ylohb28f,1
Id_3s41c0mnx9,1
Id_k0kz9yhugx,1
Id_akzn45zxlg,1
Id_bok3v4meui,1
Id_ewblr4rd31,1
Id_1f4emlzfpy,1
Id_zac62lf0f4,1
Id_ees03xjmrh,1
Id_j8hi427a46,1
Id_nozkcs7twh,1
Id_93odriaiv1,1
Id_y62g1mck08,1
Id_6afxcktqw3,1
Id_08vy6pqpmv,1
Id_tc3tuj0fq5,1
Id_p3i0pqdgzx,1
Id_f1juue66su,1
Id_xf03jzli4e,1
Id_xtkx7l92kq,1
Id_ates45a2p2,1
Id_i69rsluhrn,1
Id_obbeglowd7,1
Id_76sff0ftwb,1
Id_k1wvzkeibg,1
Id_cvppcu9dtk,1
Id_p21trnlm74,1
Id_x3003erpfp,1
Id_efdwgqd7ql,1
Id_lhsftcq0qj,1
Id_9w6y4d0f27,1
Id_jje2dldxrq,1
Id_8g7mpx73iu,1
Id_ystdo3wigm,1
Id_ywwcb8ps97,1
Id_8ez4xscjos,1
Id_2jf4w4j44j,1
Id_vxay7eegbi,1
Id_px50ejj10r,1
Id_tfgb0tyrty,1
Id_mthugifxui,1
Id_com4svhopi,1
Id_mm2lhjym5t,1
Id_g3g104pqzd,1
Id_1jffeuc1dj,1
Id_rhc2kl5g55,1
Id_am02p2tzuy,1
Id_regox32zxq,1
Id_6kf048eavy,1
Id_omknpzp2ak,1
Id_cenkqwdm7l,1
Id_ewipl8qtuw,1
Id_8577gbn0e7,1
Id_7om3250j9e,1
Id_xeuoeg20r1,1
Id_yvcri3cmts,1
Id_v7b4ypc0ij,1
Id_dwuchnvp2o,1
Id_m01a2wvxpr,1
Id_zm6vqjc3s4,1
Id_lts8qj5gtt,1
Id_d57wdfouya,1
Id_lp9rw55nuq,1
Id_kz201ybqy4,1
Id_bdapa7dbnr,1
Id_cku4oys9ly,1
Id_9imcpw90ws,1
Id_lg5hmsjw0w,1
Id_n2zxyp8ozp,1
Id_2dw9p45brs,1
Id_fullxeblop,1
Id_hn6w1c50jg,1
Id_202mo7k18v,1
Id_35iylanft2,1
Id_22rckhfu74,1
Id_05enka6e6k,1
Id_pa42qrnqsu,1
Id_2wyft9kpo6,1
Id_i7wm3hgav7,1
Id_g3g4yng0cp,1
Id_xkycggq6zr,1
Id_hry70yghdi,1
Id_7fe7yhjh8a,1
Id_q8vp7a6kvh,1
Id_hn7eljea0c,1
Id_cu46z0wtbn,1
Id_kf49u2owj9,1
Id_cwuqv2hemn,1
Id_uuoplcjhik,1
Id_xwef9758c0,1
Id_bbdpuc13mt,1
Id_qm5zbv3dqs,1
Id_xc458zxp8n,1
Id_5dlzzvzu7z,1
Id_vvh9x2jhmz,1
Id_a3lsvoib9e,1
Id_eqm83ic4m9,1
Id_xy20frex7o,1
Id_0d0fcqrqiz,1
Id_i6wj4m9x2n,1
Id_puhqi47sl7,1
Id_fzd6uelqdt,1
Id_dapxuyl0kv,1
Id_3688t4ltez,1
Id_6ydbe8k1k0,1
Id_nrqsdlmxxh,1
Id_mxn6qtsna1,1
Id_ml1zx0y5gl,1
Id_fhkjr8dykn,1
Id_n5sq52hdoj,1
Id_0uxhybtjl5,1
Id_kzh96q88bd,1
Id_yaqxnrvpyo,1
Id_15qd9nbtr6,1
Id_x3vu0lmdqz,1
Id_s1sfh8q0sm,1
Id_j39rsaxv9x,1
Id_ev1om3wblh,1
Id_b5wmhiambg,1
Id_8dsaqx95t7,1
Id_ck3rnbfyjh,1
Id_3dzfgus94r,1
Id_hj5xxk235f,1
Id_hi2aqujzip,1
Id_v3uyrexc6m,1
Id_huysuslo7o,1
Id_9esczul5fq,1
Id_brx4sdpwsz,1
Id_wnc5dh98ow,1
Id_bkrytf6qpo,1
Id_zuxemjeq2j,1
Id_zh1vstq7xy,1
Id_njjyxihirh,1
Id_22hadf3npm,1
Id_621yyrkbc7,1
Id_3yod0o903z,1
Id_f6thdicfx1,1
Id_cfxbc8mxa6,1
Id_t393kw7t4u,1
Id_oikc88k6ov,1
Id_mk1iyktjj3,1
Id_ukmg1fe4sl,1
Id_fiuzxwgwzi,1
Id_e9t73zgn0x,1
Id_igjbc2jy5h,1
Id_fiav3fj5n5,1
Id_f61doydnaq,1
Id_cvoeaetwe4,1
Id_9ldafk3nlj,1
Id_exyiv8agqe,1
Id_b5ywcspu1f,1
Id_0g3knr7fvs,1
Id_15al9kmkcd,1
Id_7ab67qxfiv,1
Id_z3qdnmn9q3,1
Id_305ozjzlmz,1
Id_709j8qrxat,1
Id_haeujusld6,1
Id_96borhxbpv,1
Id_ro2jwdd5uy,1
Id_1tcfd92lk2,1
Id_pbox0fm3u1,1
Id_ihiolzdxna,1
Id_579iqpzqyj,1
Id_2r1y11q0wg,1
Id_7ak4adbl14,1
Id_g0u6gnx5nw,1
Id_pn7b3mle90,1
Id_da6ucbymhn,1
Id_71takmxtrb,1
Id_nkydwcxn12,1
Id_iyfanduv8b,1
Id_24c1l1s9zx,1
Id_437ct6woog,1
Id_v27wecgq4s,1
Id_9axn3nt95a,1
Id_qrq5r4b5dm,1
Id_x5tnpkztq1,1
Id_nztfqrdo22,1
Id_7552lew1q1,1
Id_jrqihfiq2h,1
Id_b50jkim5jh,1
Id_thgq2lugpt,1
Id_p97gank3cu,1
Id_8xszxps51i,1
Id_tkjcu68b01,1
Id_8w8v64w1f8,1
Id_9j6oz47vrp,1
Id_v54hrl88y4,1
Id_guwgy0cwxr,1
Id_uhcxp80o0x,1
Id_97cyn3fkhz,1
Id_flag8ua59u,1
Id_lzokvnie26,1
Id_n4smd098fw,1
Id_7vzcodqv1j,1
Id_dy3havgfuv,1
Id_2fidc6cwxn,1
Id_dy472n1q3i,1
Id_2zt6m5f4bk,1
Id_abbnvg2xjt,1
Id_719gfq4bbi,1
Id_yfqugxq06s,1
Id_vu6u2fxprn,1
Id_njn0ugszro,1
Id_kppmeqk94s,1
Id_4sdwxg4xnm,1
Id_jt7uxijhw0,1
Id_4x8raqjq7i,1
Id_oyv68u1dkm,1
Id_dbjse28978,1
Id_ch330vmids,1
Id_vao287hv1f,1
Id_nxhzqujll0,1
Id_h890qicmt0,1
Id_y4dq6mmmjf,1
Id_7wr8uj9wpr,1
Id_g01k9ahzh3,1
Id_8lo88bta3q,1
Id_6obelhudu6,1
Id_kftu3l7kkd,1
Id_m8ypin55mz,1
Id_u1ud8oazwu,1
Id_1bmknryhxc,1
Id_s3u21bcs1c,1
Id_163j6do8dt,1
Id_oekesrl5t0,1
Id_u7jkl2wpl0,1
Id_11yb4rk8vf,1
Id_7y3m47la6q,1
Id_7jp21wo3de,1
Id_miynvej6a2,1
Id_hfx1xp53p3,1
Id_72uxatoazr,1
Id_elioph6w1f,1
Id_1ke76rdjje,1
Id_t46minskam,1
Id_z2c8otk2yi,1
Id_q2uovpqmk6,1
Id_3kka933aho,1
Id_r4addjw4vt,1
Id_83ogv0svuf,1
Id_sbls3y3jvy,1
Id_moi9rocisn,1
Id_499rp0shg1,1
Id_ts5usvwfm7,1
Id_y781z197gs,1
Id_ew2x9yz4vb,1
Id_1ieb8g8r81,1
Id_vquuzwxkik,1
Id_ta4y7cah3j,1
Id_wxdmdg9jrq,1
Id_6ka99fa5no,1
Id_q12cz2jc14,1
Id_4w1htscb4b,1
Id_rggoin2c2h,1
Id_zsiel1ur1j,1
Id_3l8s6ervkx,1
Id_yazfl678oi,1
Id_m5wcqlbcog,1
Id_pndgc7t373,1
Id_1inopgvldd,1
Id_1wfithj70z,1
Id_v2xpbbokwo,1
Id_12d1frupv6,1
Id_pc3devko6x,1
Id_yvfnf3q60v,1
Id_homohwddj7,1
Id_p5nvctj90i,1
Id_x0ngpknxvm,1
Id_zzhr5kss7u,1
Id_eizv1bpafl,1
Id_tketya3hfr,1
Id_liytd8x7gm,1
Id_lc3hqzvi1x,1
Id_igm4l77gpu,1
Id_jsbg9ole3f,1
Id_t5l5zo1kfq,1
Id_goh7o5pwyv,1
Id_l2s6fptvq8,1
Id_yzhvn8vj9e,1
Id_z47s7oahoq,1
Id_30kc8ah8wl,1
Id_lavsin2msb,1
Id_wbbwoageaa,1
Id_2ccffioleh,1
Id_v61ik1uco2,1
Id_rm03xq0505,1
Id_x8gdvql2fg,1
Id_iwjxxb9h34,1
Id_c6pqbm2wyv,1
Id_4vnrr3s4uy,1
Id_ownel7ybnk,1
Id_vj9dcqpu9e,1
Id_iuzhycb1vq,1
Id_spcat8solh,1
Id_yvvmhb6w1e,1
Id_6vvoczahnx,1
Id_3dbjfbfs00,1
Id_49pusliygy,1
Id_nftpsfd9pk,1
Id_m2s3otb4jj,1
Id_aj8rsxem3u,1
Id_ofbcp8wusw,1
Id_jjnj2byia3,1
Id_3kqkvikuvl,1
Id_tsu6b1cq8p,1
Id_v0nvzynpqm,1
Id_j1opc4pyxd,1
Id_i60entnyr2,1
Id_77rsnxhav0,1
Id_vsglsglgqw,1
Id_uu9ehvzpq1,1
Id_vk54crp1l4,1
Id_vurpswv3mx,1
Id_jfclrhuqma,1
Id_mmb0y6hjco,1
Id_pgajp6ywv5,1
Id_62uu70ow4r,1
Id_ep1sr4nzew,1
Id_joim66605n,1
Id_nodq5cuy4m,1
Id_jhrgnstlo8,1
Id_pj2uohkt3l,1
Id_ooa89het6b,1
Id_a4b308etct,1
Id_qg1hnk0jh9,1
Id_lpmhv9d5d1,1
Id_422tq7oddx,1
Id_kd9p7yir6y,1
Id_qfgs61fpzw,1
Id_m1tmygaylx,1
Id_f8iw4otgov,1
Id_npm5q5nceu,1
Id_w6lxqmo0gu,1
Id_x5iqeru1x8,1
Id_czubwoj7ev,1
Id_p0u1ilaznb,1
Id_hxf43uzsle,1
Id_j3l7bpah5s,1
Id_cj5zwtd6zu,1
Id_m5tg7zu2oj,1
Id_eybo8quh4q,1
Id_6f76h9b2wa,1
Id_f5jgdqn5c2,1
Id_d5fz41i924,1
Id_eccqcvvblc,1
Id_8psqr36y02,1
Id_tk9gdtvbjk,1
Id_ryqyq8cjow,1
Id_v9pywdes69,1
Id_hyr36290f9,1
Id_1xbftlpdhl,1
Id_zxy18w1i78,1
Id_pq9nq2lh61,1
Id_2pxo6vqrhh,1
Id_xoidbttxgu,1
Id_39y1s17yu8,1
Id_j4z5gcn38a,1
Id_dgt0f8g6v9,1
Id_x0l8xb11wn,1
Id_ehy93j2yll,1
Id_g9uo4tisls,1
Id_w1is0lprul,1
Id_7lj1tjq1qk,1
Id_dfrgdn3df8,1
Id_m3wfylfmze,1
Id_ajoqcrxqll,1
Id_fudnd5pxp4,1
Id_ukeq77l5j3,1
Id_d1d9bx35xv,1
Id_yk55thl7ss,1
Id_5skyiudw00,1
Id_5g56ygxijd,1
Id_vaf4522t6l,1
Id_d4hwtrcf9y,1
Id_r4wl346vyh,1
Id_m7kpxmimht,1
Id_0k0elxbf2q,1
Id_sdvnioe4di,1
Id_vrzsyxyppr,1
Id_vgi4nzdmw6,1
Id_tisuzjbvem,1
Id_itotco83ch,1
Id_ac2rnqxi02,1
Id_3ph56e28f7,1
Id_pmgaqihqu2,1
Id_vyxgfiuwgx,1
Id_gfr71u4frc,1
Id_bpa5n8e8du,1
Id_sxrcaq8e7j,1
Id_p6hyhxyjgu,1
Id_28l8ftnv6n,1
Id_7l1xhhhuxo,1
Id_85ymdirg05,1
Id_3y6fo5wdfn,1
Id_2huhneam6k,1
Id_oqw1u49nlv,1
Id_oigbk11pvo,1
Id_7yjooi5p7k,1
Id_v0pui7hslo,1
Id_2rca0nunlo,1
Id_ddt54xuc20,1
Id_18a40506ko,1
Id_t5ujpo0isy,1
Id_yakqrme1je,1
Id_3q4y21ciis,1
Id_9dczebw4q8,1
Id_wwrkqix53m,1
Id_6xwhl6stg5,1
Id_ze86clhl8i,1
Id_eidkgfmnms,1
Id_ybmmyl9b2v,1
Id_3ltlzi20th,1
Id_gf1rbol0lr,1
Id_912tii1shu,1
Id_swgy10t1q3,1
Id_weipxgsg6e,1
Id_iyn6n465o5,1
Id_68thyri47a,1
Id_f6nxtd2zs9,1
Id_fb2jnkslsl,1
Id_xqvxr3k342,1
Id_esjmypg3bn,1
Id_3yg0tc6v9w,1
Id_du9euwc63f,1
Id_faga8imfg5,1
Id_6wvvy2qvsy,1
Id_y9tcgpjgkw,1
Id_0zja78viwr,1
Id_35me5s5yvf,1
Id_ix175ensij,1
Id_n2zxmu7ra1,1
Id_m8suo0zmki,1
Id_wy2oxw7n6r,1
Id_kuj2kag90c,1
Id_td396iyygk,1
Id_ucb53zt9tj,1
Id_4hdsmg90hl,1
Id_t69ym4q6dm,1
Id_njapvhm019,1
Id_snuijc58w2,1
Id_txcj5rqwbq,1
Id_p1fjjzl2x8,1
Id_0dn7l3h91p,1
Id_hzvstpxonl,1
Id_rqokia7fqo,1
Id_0ebo4xyc83,1
Id_dua60u5h9k,1
Id_q14lcr5y5l,1
Id_1o0nts3955,1
Id_54jht37a9a,1
Id_pj4qgzfxma,1
Id_x0lwfw7omd,1
Id_aregt409q5,1
Id_yqc16lvj7q,1
Id_bya9lkmylx,1
Id_l6jdqtgddq,1
Id_ddt6pfv1hm,1
Id_w4i6jq2b9o,1
Id_9qfh2hulaw,1
Id_ik4z1c052r,1
Id_6p2rblsbkj,1
Id_fs45ca34dz,1
Id_z240vn4lrr,1
Id_orl6nt19yk,1
Id_yt6b754k6l,1
Id_ja431y5ldo,1
Id_nfqptndvg7,1
Id_wohsfy1vk0,1
Id_0wan1z7ylr,1
Id_ji7rhas44s,1
Id_3mkmnsmjsx,1
Id_23xbq86rmi,1
Id_tfw9caz6hw,1
Id_7wuxjjf6jz,1
Id_9nllh07a45,1
Id_o379zlajhg,1
Id_51bp7sl39b,1
Id_6sjnt9ewkf,1
Id_90g4n8so17,1
Id_32zf56l9ce,1
Id_lpzyo9wovz,1
Id_zsurfh92rx,1
Id_z1f2ofu2m7,1
Id_wggs2pd689,1
Id_12pix46sq5,1
Id_d6dzxett5v,1
Id_uibpdvcxxw,1
Id_xcaf3403r3,1
Id_0qkp6qkbo9,1
Id_so426trxo8,1
Id_u611py2ky6,1
Id_tk8ffyupvu,1
Id_n1d582upwu,1
Id_0h4wjg60gi,1
Id_80yx5alq3y,1
Id_czvt7bf7ki,1
Id_kwctpclm9t,1
Id_48zj3eol10,1
Id_l779nt9yjb,1
Id_3ugtpl2q57,1
Id_eg3epayu42,1
Id_ifrw8syp5g,1
Id_kujzry3zci,1
Id_6imbemuog9,1
Id_o0a66e9rg5,1
Id_c7kurdpczj,1
Id_n7tjndhbru,1
Id_2269pxi40v,1
Id_btgny8lytz,1
Id_kf192e9qp8,1
Id_ul2v3z8uh0,1
Id_wt3eblrwki,1
Id_h21k8bi3rd,1
Id_mbkyac0b38,1
Id_skaa0uor5e,1
Id_4253yprz3t,1
Id_yh6zgz0ozn,1
Id_huqwsqixpf,1
Id_blaa7rao4e,1
Id_pgi4wiieae,1
Id_ltketfcwx8,1
Id_hdqud85267,1
Id_mbkuq5r0tj,1
Id_kts979c6d3,1
Id_w4evnjwo1b,1
Id_65lz8d775l,1
Id_oekrongesz,1
Id_7q1qgcg1z2,1
Id_9itt0mvut2,1
Id_aw2m1l9pl3,1
Id_tp130oylun,1
Id_vu0go4qig8,1
Id_3p2we0xrhp,1
Id_a87t2vzq79,1
Id_usy9mr0vda,1
Id_0i3gib3ccr,1
Id_obcqaeuu2h,1
Id_oylsv0e008,1
Id_otsrdmmvex,1
Id_hct3htn53j,1
Id_bww7r8u7fz,1
Id_stg8se4gth,1
Id_2hj9e5d4df,1
Id_5953c2fph5,1
Id_vhj0rr0pf3,1
Id_5ujqt60emb,1
Id_vqqf2oglsl,1
Id_74m6uo00zo,1
Id_q8bp71i0cx,1
Id_qtob5v3gg5,1
Id_u34a6v0xe4,1
Id_dyxhkjt62k,1
Id_gq2yp028hm,1
Id_vkovnl2bor,1
Id_716j65p14t,1
Id_znwp5oxeuj,1
Id_wzingkkiyy,1
Id_lg0oidihkb,1
Id_wyftha2yzm,1
Id_qelisjmvu7,1
Id_mxz5t2f6s2,1
Id_qvahu4fhl2,1
Id_7pvavmi8nj,1
Id_h44mik7o77,1
Id_weqxxjsxlp,1
Id_xwrdohgwwb,1
Id_ue7i5njaj5,1
Id_j5cytxk3fd,1
Id_hc1dkq1ull,1
Id_p58fra4ibh,1
Id_rn6k0x8gmm,1
Id_gz00pekb5w,1
Id_hif7jaoik7,1
Id_j0wtahm9rq,1
Id_qgfy4fz54l,1
Id_hcr6kog2wz,1
Id_pfrxx17160,1
Id_b9sapq7j2q,1
Id_cixet4eqi7,1
Id_b90o4ez0z4,1
Id_0dvymsm4j7,1
Id_lx7nws3o9q,1
Id_tdzspuyh38,1
Id_bsw59bkm6d,1
Id_2sba7x3j8l,1
Id_6rgcbx1ckw,1
Id_t5z0yd2mzp,1
Id_5ibig32cv0,1
Id_0ep1wdjasa,1
Id_e52lzlle5k,1
Id_emkugrtqlc,1
Id_h4ited8c70,1
Id_6eew450lnh,1
Id_689obromvr,1
Id_vp5x8v01p2,1
Id_f48v2b18z7,1
Id_96s31b2x09,1
Id_mq2wtuondl,1
Id_bcx5rz5dw7,1
Id_hzly0pe4t3,1
Id_3as9l7qps0,1
Id_5w39l1m4db,1
Id_b4v78yjpr8,1
Id_hndnxrot6d,1
Id_1umqo2101t,1
Id_fbmisaw589,1
Id_fepr7c7ald,1
Id_1nponls3y6,1
Id_e3pelntdie,1
Id_opb265ilvi,1
Id_r92o07c9vt,1
Id_vs9y91wm85,1
Id_mdqg1y14jp,1
Id_o8q09fzis3,1
Id_fbiq5gpnkm,1
Id_jjk5kuiv3u,1
Id_eyuxuig212,1
Id_oqyrtj9gkf,1
Id_htp5g3tofn,1
Id_2zmysqu0kp,1
Id_6ztxctvwpr,1
Id_tqhd7uflt3,1
Id_2nr45wi83i,1
Id_cxj020r8m7,1
Id_5ykc8d8s7s,1
Id_a3vl6imzwh,1
Id_q3xmaej69o,1
Id_yq29s7kv0a,1
Id_bxwsuykart,1
Id_btl3itfcb2,1
Id_e2fcrgr3hm,1
Id_ca4gj08n5x,1
Id_r3yeca1ygp,1
Id_5rjtlvgmn7,1
Id_q0pnvprodq,1
Id_5xtx6p8hre,1
Id_wdfrg0sc7k,1
Id_96t2an4t26,1
Id_dy312u2pkk,1
Id_rcvk8o4o2s,1
Id_n91k3moodo,1
Id_fta3hilj4i,1
Id_hr7vquzbji,1
Id_l7wla4sc3u,1
Id_asksbt1luk,1
Id_4aek7b2vq6,1
Id_1x5n4k7pea,1
Id_v51z5uizsu,1
Id_4xb2dnoybh,1
Id_k8jcw9fcrw,1
Id_lgoaurirll,1
Id_hsv0h16xsi,1
Id_cpydcw4urr,1
Id_ljkph8r3gs,1
Id_ayaoxoti47,1
Id_2oqsl3jr3l,1
Id_07f4hjtzqb,1
Id_bol12ewzw8,1
Id_spv45ccoqv,1
Id_w5kh5n1zd5,1
Id_rbl7rezejs,1
Id_7vmwomlwz5,1
Id_u82er4wh2o,1
Id_qxyqve9g6f,1
Id_mb86v21jrh,1
Id_366gae5k7r,1
Id_a9r9qojhjz,1
Id_k16m7ylb86,1
Id_qv1297uhjq,1
Id_rpc1pm6a5i,1
Id_oa88m3grg4,1
Id_itmfnm8fuw,1
Id_gapcw5dfi4,1
Id_pj1dso1zua,1
Id_pbmgd8yd5r,1
Id_74f1vxct9g,1
Id_k3fowpwonc,1
Id_hq5bbokzcf,1
Id_8n3v5qipqc,1
Id_fyp4bo5245,1
Id_0qtcbyfc6p,1
Id_ldgvqs5ypq,1
Id_36r4htuehx,1
Id_nb6gr6ufir,1
Id_omr4m00nsx,1
Id_1u7aeplg8x,1
Id_1o4gd8k0cf,1
Id_g68ny83i04,1
Id_evchj9rwgu,1
Id_nvy147nfjn,1
Id_x1ccogjvtc,1
Id_rhbnevsoz3,1
Id_3fe5krspxj,1
Id_bg9a83gth1,1
Id_yxutgx92b5,1
Id_ygwkbx0h9k,1
Id_obhulah9ha,1
Id_okf2ci4fo1,1
Id_zdlsnt4h02,1
Id_kvhzlz8g7s,1
Id_8uqliv7ul5,1
Id_6gw2bexi49,1
Id_ob6y37lgvv,1
Id_9gsyx5qges,1
Id_h6snjadlli,1
Id_w74rvn41a6,1
Id_1t6ccd6ncr,1
Id_jt1c6nd68s,1
Id_gs59aafdd0,1
Id_md4a9zhqt7,1
Id_ymdnn2ircf,1
Id_z6w0itjfst,1
Id_81lgpeebjb,1
Id_os70bn976o,1
Id_z2j70cgp9i,1
Id_owfiulno6l,1
Id_muq49pklu6,1
Id_thzjt8s2zt,1
Id_fkh5agb6ka,1
Id_nmc9gn4h7q,1
Id_bsjgmxtrq3,1
Id_xlvrifhos1,1
Id_oylf8z8lql,1
Id_iudasw2mjh,1
Id_fnb751rdy9,1
Id_4zt9bbgx7g,1
Id_qxv0ur9qtg,1
Id_4dfr3ctpct,1
Id_t5ecvsj3rb,1
Id_ui0m1ik16e,1
Id_jvjvnagb6x,1
Id_yzjwovxe24,1
Id_ag7so049kj,1
Id_6nhyxovsr1,1
Id_hwmqdnfvzv,1
Id_oigd98di7f,1
Id_i26qivwxar,1
Id_ccvuq6mpa7,1
Id_9arq273apz,1
Id_mk6p1hvz7b,1
Id_8w7k1hud05,1
Id_ffw3756mbt,1
Id_c0hy4744wu,1
Id_ebmqkqkdzd,1
Id_ldqxasu339,1
Id_2iz7bo9965,1
Id_0ifg401y1o,1
Id_7lprznb4yc,1
Id_mqw8hwmcdc,1
Id_1g0kjqzmui,1
Id_xcmc3idtyu,1
Id_je71cguamw,1
Id_2npfmhrtap,1
Id_xyoaatchue,1
Id_tn7jeqct3s,1
Id_js2ayy2hzo,1
Id_efvg8a0772,1
Id_8194qgfmez,1
Id_jhl3hwdzu0,1
Id_t836h4bde6,1
Id_kz0krs19pb,1
Id_j3zdpnicp8,1
Id_a3ofu1bw68,1
Id_4aq31fhaoh,1
Id_tjsyb825w4,1
Id_xp44u5vp14,1
Id_1hnvj1ghyi,1
Id_zv05tanaco,1
Id_hhjctb3xtz,1
Id_afq5i0nhn8,1
Id_bvmu40uep2,1
Id_fkzi4qiyxc,1
Id_lbie4s82l5,1
Id_mrro9nbc03,1
Id_nmk5kyq7wl,1
Id_i9tmva0z2l,1
Id_orpv55ykf8,1
Id_hn9ospgxvy,1
Id_x141bd2yqa,1
Id_3gywujyoz6,1
Id_rhha0orwv4,1
Id_1y4f16a0wj,1
Id_91ya3bxlq7,1
Id_ujte9yy8jh,1
Id_klbm2fy33e,1
Id_kw09alnhcm,1
Id_w69cqpzjre,1
Id_rn62pa64jj,1
Id_tv3lwksb9u,1
Id_jdd7advr1f,1
Id_q12nit655n,1
Id_ucisamngtc,1
Id_1505rly94t,1
Id_p2ticfi5a3,1
Id_971cpcmgeb,1
Id_74t7i54h9m,1
Id_qm923l3qe6,1
Id_16m4z0fgq8,1
Id_6yarhlagfn,1
Id_8h4p8dbgyi,1
Id_uk94lpv29x,1
Id_vz7999biz2,1
Id_yvn5zf90x4,1
Id_xicvyk1uas,1
Id_4qbp4ysj8x,1
Id_2r1cltyfeo,1
Id_k01w1mdnt7,1
Id_auesh05ei0,1
Id_wl1isf64b7,1
Id_4lqrgdf91s,1
Id_3wjzcvmc9y,1
Id_tmt2gy3g3a,1
Id_d9srrchlik,1
Id_dw48nc88fe,1
Id_4ibtm42nul,1
Id_gjezrnk3bf,1
Id_wk1h55trk7,1
Id_kte05ykcd1,1
Id_c99mz7evmy,1
Id_nb6csy9eki,1
Id_0rvjxas6jf,1
Id_5jxjqfj26a,1
Id_crtloo1w35,1
Id_cbd0h8ifsy,1
Id_p0l9dmk4dp,1
Id_84ygo6lec6,1
Id_wos2e4tv1a,1
Id_rl83cw9w8a,1
Id_i56lzsll94,1
Id_cmtt8abun9,1
Id_0x08vgtub1,1
Id_fvkv8zme4x,1
Id_7i4yte00nj,1
Id_t47p0i4x6c,1
Id_mcol5zvtze,1
Id_173j22jmkk,1
Id_5kkth75etx,1
Id_kjpsm587ss,1
Id_vpfhmrlem6,1
Id_tw1osu2x94,1
Id_6ch9th6hq0,1
Id_sq0verlasw,1
Id_g5m0xg322a,1
Id_zz2875e1fm,1
Id_vnnfiy2aht,1
Id_qfyeqy9vzm,1
Id_rr918lj12j,1
Id_ia7z68dty0,1
Id_jxppk4jjg7,1
Id_jhfstt7ll5,1
Id_atlb431zq7,1
Id_thcor98e6o,1
Id_5xqki5wqtc,1
Id_akn4wszxzd,1
Id_9crrww2qdk,1
Id_67ts0qbgi0,1
Id_e7eoxhj2i6,1
Id_hs81rfrq1n,1
Id_usdpbgwq6n,1
Id_gegsapzh2h,1
Id_3gzmgvulyu,1
Id_rl9z8psy0t,1
Id_dnefobcffn,1
Id_hnu2xw0s6s,1
Id_suue0uw4qn,1
Id_s0mj2lyn1l,1
Id_7y6wy18cee,1
Id_ferjyn7mge,1
Id_8bkla4u9iz,1
Id_k5flsgpru1,1
Id_7gk6z27f32,1
Id_gy18i9cipz,1
Id_l4ubh2qra3,1
Id_7esl23e409,1
Id_4hzte42dvs,1
Id_f9psbflsco,1
Id_m9qfkbw0ef,1
Id_kagb3nqrcb,1
Id_ftcvpsvgmj,1
Id_phyhn7i4k6,1
Id_7kpq9lmwgr,1
Id_azp7vpcr7n,1
Id_zjrrpm641f,1
Id_8e958tixe3,1
Id_5t1o3tgbns,1
Id_7zhdpmcgsd,1
Id_z8iivnnv2f,1
Id_kmvu7fejg8,1
Id_jhfec7xx1s,1
Id_ph61x0hhof,1
Id_e3qm8616gy,1
Id_odo2r6knbb,1
Id_lzyejcgbdu,1
Id_g6rfqo2mnp,1
Id_htpbw46ydm,1
Id_li0knhgn0r,1
Id_qowsnzi1lj,1
Id_b30jj6icvm,1
Id_ukmckmm4kr,1
Id_97g0isyvcz,1
Id_1lphdsb8y5,1
Id_mpevcgfuar,1
Id_fao04nx9xj,1
Id_0iecgau296,1
Id_mm005ihcs8,1
Id_k4yuju0s6s,1
Id_jz5cxaf93y,1
Id_952h3wofcz,1
Id_o3pslgabgk,1
Id_fhx96ano24,1
Id_fqv29c3md9,1
Id_hl4deit34s,1
Id_3vos08esnm,1
Id_seeo63de2y,1
Id_3ydv83vfu3,1
Id_2fz4gbwy5l,1
Id_km7dfoq0g5,1
Id_q1atvtl4jy,1
Id_1i7psxexrd,1
Id_sqll106065,1
Id_ao409p515s,1
Id_lal1esrii0,1
Id_z6fpelof4l,1
Id_vy1mvoy6z1,1
Id_zwvgj2uqhz,1
Id_cx37qxjrsm,1
Id_rd7x3vhqmv,1
Id_yj0vh31gmp,1
Id_dqueowe5rv,1
Id_gheaiij07i,1
Id_oa191uje2s,1
Id_nt9zkerroj,1
Id_vwyg1sr1wa,1
Id_rrs9akle6n,1
Id_kwmgy1n3dx,1
Id_tqfexx8hux,1
Id_f7zw77oajf,1
Id_gjjno416nz,1
Id_6vl40u6tk0,1
Id_9lgtklpidl,1
Id_yqa4xagoqh,1
Id_21fm0m8tm8,1
Id_5yy37inwlc,1
Id_lb58qqcju8,1
Id_pay54az9ss,1
Id_jhj1akzu66,1
Id_bx0m1tgaf1,1
Id_zzzn1zaccn,1
Id_rqakftwyb9,1
Id_boer1o4t6d,1
Id_drjo0dcpcs,1
Id_8ouuwcm8zp,1
Id_gxs509ol08,1
Id_r9uelehcgq,1
Id_ppyp9qadwb,1
Id_8x7483isei,1
Id_zjtwro0vyl,1
Id_u5x6i7suvf,1
Id_bfmk76ms5p,1
Id_9vfe5bmm7x,1
Id_lon1xszwy3,1
Id_zb1sytdll0,1
Id_4jeizzpbbr,1
Id_2qbx10ud6n,1
Id_utihwoq4jt,1
Id_2vn93u58um,1
Id_89mvj40rlh,1
Id_eoe3h61d9i,1
Id_nycfnrisry,1
Id_mwtaa2j1rb,1
Id_msh8zmog3h,1
Id_69uuducrk8,1
Id_g22lwaq8t8,1
Id_8rcl6i27v7,1
Id_vueyosaagn,1
Id_ud8ecs9t7n,1
Id_id5i266op8,1
Id_xc80te5fs9,1
Id_uxrv7ws4iz,1
Id_jbta68qcny,1
Id_vnsydst1f9,1
Id_yhb1qjfkin,1
Id_jvw66fieox,1
Id_beinopg1qp,1
Id_wghq2z68yo,1
Id_jh55u9qsx2,1
Id_gqwoxqo6st,1
Id_k7xvimf5se,1
Id_rhbccj437c,1
Id_vjnmppkukn,1
Id_1cqbgnogzw,1
Id_k8jld4qayo,1
Id_kx97eub03k,1
Id_lp3dasj3n6,1
Id_9hee3aicif,1
Id_mxii929bm7,1
Id_t5xdyei4s9,1
Id_6osx4dn6mr,1
Id_1pzwroputd,1
Id_tjpzsg7lvr,1
Id_juag6sezip,1
Id_be1zngpqlc,1
Id_yo69fmf0ar,1
Id_6al6qoszlh,1
Id_7h44o827gp,1
Id_l9skxjyq7u,1
Id_7z1nf0gz85,1
Id_y3fb6gl6h8,1
Id_ujbtsc5xsy,1
Id_cix5bvil77,1
Id_c42x5mfp0k,1
Id_z8z1ips4mg,1
Id_3cofhphc87,1
Id_6vgvsfj56c,1
Id_hkvtkwup5x,1
Id_me97ism4jf,1
Id_rayrfk924x,1
Id_jzkxue4hka,1
Id_t74oh7os9g,1
Id_ms624ngn7u,1
Id_j8z4mr2hqx,1
Id_th9a99gxb2,1
Id_mnwb6mrsdg,1
Id_75mdb21w4c,1
Id_fylyfunrq2,1
Id_3j5etrhsdp,1
Id_aehfozq1ot,1
Id_qwwa02gxym,1
Id_ghjud20e44,1
Id_o1dtpjsdst,1
Id_ha93u2lawk,1
Id_bxto2ux7bo,1
Id_hpo10e9mjt,1
Id_kj4hz0mxtk,1
Id_bk7dyajexv,1
Id_ubw2nlrcfx,1
Id_fcwydgz379,1
Id_kfpdh564un,1
Id_ii2abc8ip3,1
Id_x7e8l77kl9,1
Id_47pzc9m73a,1
Id_2fhrtzrovv,1
Id_2mo9rlbwbf,1
Id_87r24bh207,1
Id_ajykjh38hg,1
Id_q5l6x34nx5,1
Id_6ss03rco6n,1
Id_qzw3lad2xg,1
Id_oqfadfeopk,1
Id_y2h2ue57gk,1
Id_rz2mejh56l,1
Id_b1qnoxjxwf,1
Id_z9k1duzd0e,1
Id_6xg5hx3ueu,1
Id_zfh6u1agi7,1
Id_05howvlusw,1
Id_0giut9vf6h,1
Id_25s096bwf1,1
Id_0g7x556l47,1
Id_g7gydlfwiw,1
Id_fx8jznto6v,1
Id_r7eu8k84pq,1
Id_7w1lc6wvrg,1
Id_ufeq89vad9,1
Id_uefz4h1v3w,1
Id_qaetv3im76,1
Id_o4uce02b1z,1
Id_3p1d2h0y3t,1
Id_tfn6m35uwr,1
Id_iv0fx0z9ni,1
Id_ttggjnqvk6,1
Id_rmu321wqjy,1
Id_0b5sdz4cya,1
Id_zapjqsjgt0,1
Id_v7dwbs5ub8,1
Id_qjpwwsflr5,1
Id_bo1j7c32d0,1
Id_nbsh40v92x,1
Id_31ptkxnp7r,1
Id_je2p3yzyju,1
Id_q8abs9uhih,1
Id_ruv8qy6pvy,1
Id_fvii1gbvrq,1
Id_zbgsfomz43,1
Id_7ty6gq1l0v,1
Id_whentbnqww,1
Id_tjko6hklyw,1
Id_f4qlxs02rs,1
Id_xjh69l18x7,1
Id_chr3enrsl7,1
Id_evneuv6pm2,1
Id_pw5vz8lxet,1
Id_34tq11d468,1
Id_f50qbtt4da,1
Id_os6zxzawnv,1
Id_dwg90aciut,1
Id_ryxc05zj6t,1
Id_xtdhu31fwm,1
Id_zbpxeayckj,1
Id_ku2s2xvvd1,1
Id_x5fqy2wy7r,1
Id_uunghw7hlb,1
Id_6om05mg6jz,1
Id_ysycv5lk55,1
Id_lhi2qxp5xk,1
Id_sli7td0qm6,1
Id_i1p2nvoslv,1
Id_o3l51k9yqy,1
Id_7dcv43jozv,1
Id_p6ol842wki,1
Id_czhfygtsrx,1
Id_8ybzekbhhm,1
Id_dalfdcrmeg,1
Id_tfhsaonntu,1
Id_jr8kis2hg0,1
Id_j18cj00pp0,1
Id_25tdmub87q,1
Id_k6544jw6ss,1
Id_co58lo3ccz,1
Id_n4no45t54h,1
Id_2nqy55s8nn,1
Id_nrpzrcqdtl,1
Id_sgylhz7t52,1
Id_ihwx6lins8,1
Id_jnb5bjooaw,1
Id_eag0xau0ao,1
Id_9o0mfcpxkb,1
Id_308lzanlaw,1
Id_9xb6scdbp0,1
Id_67nq464lcx,1
Id_n3mvxav6kf,1
Id_zrz32f0xq6,1
Id_ssm8r34t2j,1
Id_t6ttzmxakn,1
Id_5vvjjie8jx,1
Id_whzd1d1nhj,1
Id_ey0o977lr9,1
Id_96xv01bz0c,1
Id_yxczq8h8fi,1
Id_9vz2ek8pfs,1
Id_2tfze7yz84,1
Id_hp0825jt4r,1
Id_brih8luthf,1
Id_yp0z1c38ax,1
Id_gox9bakscd,1
Id_25zzwqan2b,1
Id_ag39pc8jzf,1
Id_mc5w78bjvb,1
Id_tr9l4p3m35,1
Id_yjcpv0quj7,1
Id_drkpp74ipw,1
Id_9lz1l9x0l0,1
Id_6ewupaj8b3,1
Id_dheglk1zvt,1
Id_219cdjw1ja,1
Id_k0mz6bstfs,1
Id_u5oacvri92,1
Id_5hlu3apod2,1
Id_bmnfvsgqpk,1
Id_u4mld91w7v,1
Id_j11n7q0bos,1
Id_vcqbswzei2,1
Id_z3sy3p6igk,1
Id_hu6ou36bvf,1
Id_w5f7qn60np,1
Id_uzpiwtm708,1
Id_zj2ixhuwzx,1
Id_d576fk1223,1
Id_jmo1p0tjym,1
Id_d8gkscox0s,1
Id_jetpful5e7,1
Id_zonbigyx4t,1
Id_bi1yc9vq88,1
Id_iqowdek0xm,1
Id_yh2zxbusrv,1
Id_qogytkxokx,1
Id_348g7ajkdg,1
Id_irw9oku9mc,1
Id_ck26va7hs8,1
Id_gknpeh1mlz,1
Id_nbo9qanre9,1
Id_jd3f7tbsr9,1
Id_yw3hkuk5lp,1
Id_wwlwidq53z,1
Id_fj9yzgf5vj,1
Id_ek7l4lccrm,1
Id_6z48tsx5ha,1
Id_2a734z3fvt,1
Id_kdnreggx5e,1
Id_cet69pepc5,1
Id_bfb7jbpp58,1
Id_3sc9hy9pnl,1
Id_38fax1mzo7,1
Id_uky540uhdn,1
Id_y2qo4d089r,1
Id_ci4szc3xet,1
Id_4nbjxpmod9,1
Id_2et53ico1b,1
Id_llhb3h18zz,1
Id_4xy2q6bvwu,1
Id_0t446pf9sd,1
Id_00zlrfqmzq,1
Id_em8ulxb1db,1
Id_kmjnc9ur5g,1
Id_yf3z3o0fhx,1
Id_r958h5noof,1
Id_mz0bpppbvd,1
Id_c3i8tw7icv,1
Id_2gy0omss7n,1
Id_9d5hmod6rj,1
Id_feowgdfk89,1
Id_05ujwz0gb8,1
Id_40ef8qeqph,1
Id_glrx63b5k0,1
Id_zokjqclx85,1
Id_edhmx1ewmt,1
Id_k6d1fjn3ce,1
Id_74ypr4x2lg,1
Id_tactlo06kp,1
Id_ud1ansdfjp,1
Id_7j0by4idt0,1
Id_e93jm3t1uk,1
Id_wwodvq73ya,1
Id_h99n6j9b8x,1
Id_bnhpk27n3b,1
Id_zjz3u87urs,1
Id_1s1n77nf61,1
Id_qqkhha9qn1,1
Id_dkuhwjxz2t,1
Id_tmra90saen,1
Id_gmgab1tjkx,1
Id_ypo3yhdl2t,1
Id_xeb1emh49q,1
Id_1xhamm9r6s,1
Id_oc2d5wolqe,1
Id_0klfdpj6s6,1
Id_gm26c8jgke,1
Id_bjtscqn2ts,1
Id_noa2ioa9lh,1
Id_1ddi36nyd0,1
Id_159soef5m8,1
Id_y37m1wd7mj,1
Id_pgdt1aug9e,1
Id_3mopp0r8cd,1
Id_5vwe4gvznf,1
Id_iilce2yj2f,1
Id_7nvvd1lk1d,1
Id_40zau02q90,1
Id_us5fgsfh0i,1
Id_p8blyf0sfe,1
Id_0ll80ruw2v,1
Id_djd0vhwc3k,1
Id_pngct0k2ug,1
Id_wmram8lobh,1
Id_rldh0ethui,1
Id_m7p2ae3q43,1
Id_vrxh4nfhco,1
Id_xmosmvk3qs,1
Id_u73psp5yh8,1
Id_fxafpxwjnu,1
Id_17yccaoc4i,1
Id_3wayyjiv93,1
Id_wg4tq581y8,1
Id_hdt5zx2u2z,1
Id_0txfwbwelo,1
Id_9kxb9z5ms3,1
Id_jqgdpp1tgc,1
Id_yy83gmm9fp,1
Id_fyiapxv2f4,1
Id_24y5rtqdbh,1
Id_tr7ym74i6h,1
Id_8wenjbmetb,1
Id_edep6aanku,1
Id_n05n95wki6,1
Id_w8dbhhy3mv,1
Id_1hbnmriv67,1
Id_m12odqjipy,1
Id_pgowiu4ay7,1
Id_7zef3exinx,1
Id_4lbrt2dp1k,1
Id_cpdjtrqs5i,1
Id_wqe4jv5vju,1
Id_v8nbtier8s,1
Id_oefp0z401y,1
Id_e609wfy9gv,1
Id_18es0bor3x,1
Id_k1lxtif2yr,1
Id_sgjb17ox0d,1
Id_60lvu1g5vr,1
Id_hszq494lsz,1
Id_juwqprlsl8,1
Id_kp4q5fjjqx,1
Id_0uuvwis2pz,1
Id_kvlrs1bppw,1
Id_jxda21dkyc,1
Id_3sa1d5bidh,1
Id_gxsrofsx7z,1
Id_1u8eimdw8h,1
Id_t5g49hter6,1
Id_qev411tc1r,1
Id_vzuu4za6ja,1
Id_vf3vexxwxh,1
Id_7t0ufkfaze,1
Id_vfb6k3w9f2,1
Id_k4lg5akn14,1
Id_kh5ajthu2j,1
Id_tn457mb8lx,1
Id_4sr4gdsvjc,1
Id_dg0ix5kesc,1
Id_7u9ksmtsat,1
Id_cc6m2mekge,1
Id_0hcqnjy4i0,1
Id_2r3xg5c0jz,1
Id_o8unto6cre,1
Id_lc474ixxv6,1
Id_71fsdk343s,1
Id_6rgj9sqdhp,1
Id_2qniod6t8w,1
Id_6i9k0mlwmb,1
Id_iz8l3colsx,1
Id_lgzugydgkd,1
Id_0y2oaob6bq,1
Id_y1cs8ecmau,1
Id_9wqxfv7g80,1
Id_x8929rb78h,1
Id_113sd16q6k,1
Id_wf98gwc7ci,1
Id_uwwhsxdi7x,1
Id_7x9ctsbnjt,1
Id_v5335amhoq,1
Id_13ya7leq4p,1
Id_52zzybiaon,1
Id_evlvtffu0e,1
Id_1ukzpp3244,1
Id_9gtmdrhzqz,1
Id_8lsycyorqz,1
Id_oqhbvzjzr0,1
Id_tg2g5osn89,1
Id_ihwzkc38wk,1
Id_fbs5y30vqw,1
Id_t8eov1x0d7,1
Id_5amqr6v4n0,1
Id_efbha40a05,1
Id_t1sysj0wy3,1
Id_2o6e6hhl5q,1
Id_y2t37020xi,1
Id_1a1gb0ui08,1
Id_k7qkinfpa9,1
Id_rz90uy5431,1
Id_abges53wx4,1
Id_ezvwuvxsle,1
Id_zws3xmvt8g,1
Id_ipc8z4thpq,1
Id_5uf57n1y5u,1
Id_toxgbqarvk,1
Id_pwu53q9fid,1
Id_qxcteydvw4,1
Id_zlxyvpskhr,1
Id_yjwtrw4211,1
Id_e5jhqca5i4,1
Id_dovofof2ez,1
Id_qyypzx9dxd,1
Id_zdn85bltt8,1
Id_xyrhqbrbtb,1
Id_pfhj0zkdxv,1
Id_qu8nj046vh,1
Id_qm01lkv6y9,1
Id_oxs6ca9bfg,1
Id_y2ze63w79u,1
Id_u4plk2fwf7,1
Id_6z5b6j6qbu,1
Id_lqkf0cj1p1,1
Id_quwzwou3vz,1
Id_hhj18mp4sn,1
Id_f6k196prq4,1
Id_3dytekgbci,1
Id_29e1z7h6u4,1
Id_ni0yhnginh,1
Id_8k8f95ykxk,1
Id_coio2zican,1
Id_ekv4iykprw,1
Id_7w5dm3cyu3,1
Id_s9sleswdwm,1
Id_jnv3klawmz,1
Id_96q3d5zm6s,1
Id_5nnxzvswv1,1
Id_n67tb71k1r,1
Id_hmdfu83skm,1
Id_bc4oor1bto,1
Id_rdqh768b3r,1
Id_bbrypkl3ft,1
Id_3n82oy9p15,1
Id_qivthxzr2a,1
Id_7ws4jz5001,1
Id_nz833h6upm,1
Id_ub7dbguckh,1
Id_cq54n2dcg3,1
Id_0hsgbh7fu1,1
Id_s5vcz76m8u,1
Id_wa1aktiovb,1
Id_m153wx60hj,1
Id_8452i7jerw,1
Id_vn2x299g4w,1
Id_ombws0yt8w,1
Id_m1n0e6d2q3,1
Id_fjshad0tfs,1
Id_4law5rnagk,1
Id_48gluzt7a3,1
Id_d9mj1w2zlm,1
Id_2c47srurj7,1
Id_1ehv4v8u5v,1
Id_nxjwl91wxs,1
Id_dk7a4ym0qp,1
Id_g4ovfkuqix,1
Id_mo5vj0g0zx,1
Id_pga279dvzu,1
Id_k8fq0m29in,1
Id_qdvblg1aea,1
Id_514fm191b1,1
Id_hppomtkw3n,1
Id_p9qc9r8oz1,1
Id_nxpbqjf2bd,1
Id_izog0o31bn,1
Id_912m7l9c8d,1
Id_lg7retw9ww,1
Id_wswjtvcuft,1
Id_9aqxopq9uy,1
Id_dizqcuygh7,1
Id_24hmuyx4lu,1
Id_pbs1k81jdk,1
Id_5bszucvd4t,1
Id_ie7rpmi6ow,1
Id_ypj8evnzun,1
Id_iepx7buu9w,1
Id_69ria2mqih,1
Id_96lb0mej8g,1
Id_sndwx7ylvg,1
Id_v6ka5h5pme,1
Id_m6x3vmh0id,1
Id_krw9rsq72a,1
Id_bvrybvkauc,1
Id_ssq5kv9zxg,1
Id_7khb49l40f,1
Id_arpv2c4o34,1
Id_77660xv0hp,1
Id_v4d7lczkca,1
Id_2c1fdc98nb,1
Id_i5vwe6egsj,1
Id_lv9x6pdnlw,1
Id_ymv4d8xway,1
Id_mpgsyehi64,1
Id_cgzm433vp0,1
Id_85q7sy7s73,1
Id_2mnmuw2sk0,1
Id_akgm585p89,1
Id_if8yz77gp4,1
Id_p48e7s6bd4,1
Id_s1xlpe5h8l,1
Id_621ofyxye6,1
Id_al5rxgf8ge,1
Id_gf9wdi5ws4,1
Id_5w7aw9vz7s,1
Id_b4r6kgg0tw,1
Id_o0wz1g8ehx,1
Id_988cd18v6s,1
Id_uabgwoiryz,1
Id_ku8toy6hkh,1
Id_g97dj3t8v2,1
Id_ywwnlmlw4n,1
Id_s7jocf41o6,1
Id_ts4neughrb,1
Id_e45x9vsdem,1
Id_4q7jewk3fk,1
Id_j2tdecxtoy,1
Id_9z31ol7ujm,1
Id_46uuy0ia04,1
Id_daph21jgcr,1
Id_c6q3otyp6f,1
Id_8f8g47n7xa,1
Id_wfx5uhn1v9,1
Id_4rc5zyh5b0,1
Id_cqy9hcf26w,1
Id_991vaya9oz,1
Id_28vbxnfz4t,1
Id_cya49sy19a,1
Id_fcarifdm67,1
Id_itxuerh0tw,1
Id_xqn24xlkh2,1
Id_jro6zem5eo,1
Id_eo9tcsak28,1
Id_i71enax2kl,1
Id_ahm1gmegal,1
Id_kzz19zn94g,1
Id_ted137u8ep,1
Id_56pwnz0vy4,1
Id_2pqek4txfn,1
Id_tg6kznersq,1
Id_3ec107enjy,1
Id_mly4fkgefn,1
Id_d5yewin57w,1
Id_o5i79cm6dk,1
Id_xf4d4limyc,1
Id_albyzxx4s9,1
Id_qlyhe7bbtx,1
Id_b78izf9qye,1
Id_9ez9kqm468,1
Id_havjl4t04o,1
Id_lg0jdl6sst,1
Id_bokrjktrb7,1
Id_emzaopvzg6,1
Id_3ompii7fpn,1
Id_fti4owc0kj,1
Id_jwuhcghqeq,1
Id_4i22lvikkx,1
Id_bp5tqt681z,1
Id_sjyfd1ue1a,1
Id_gqmp65ivhu,1
Id_4f57iaju3g,1
Id_pts6c1e9qp,1
Id_28yembc81t,1
Id_cxpjtf7jst,1
Id_w70w1lferx,1
Id_a1754pyw13,1
Id_8por8rjj4p,1
Id_n2elz6kur2,1
Id_r50xfb685c,1
Id_6af93sthv9,1
Id_32dumey0cf,1
Id_yc7vltimgr,1
Id_4so7kektqw,1
Id_tpi5tlzak1,1
Id_pwx1tw8cmr,1
Id_v8ihu4xlmg,1
Id_d98euufkmz,1
Id_wvbmz5h0y4,1
Id_7hojo3tm6x,1
Id_mfkj143zj7,1
Id_wdfby5aleu,1
Id_082tmm337i,1
Id_v5rxpyka2o,1
Id_56096zutar,1
Id_e06p9hwo90,1
Id_7i7f1hihsa,1
Id_b6wu7mwwg2,1
Id_h2yuv8dx0b,1
Id_9exbi04ahn,1
Id_cli9pqpadf,1
Id_dm9pbvdt6s,1
Id_0dgvt5lwkt,1
Id_0y1rlb9gml,1
Id_ygs91lzs1g,1
Id_bhpmmdvwv8,1
Id_6rtpenbpwo,1
Id_ovc1uvevfr,1
Id_a5zyi2fa7u,1
Id_y8htg2u24u,1
Id_1c46c6iwch,1
Id_widy5om8gm,1
Id_pnrdz62fyr,1
Id_fyquookm88,1
Id_crylmlfts8,1
Id_br4gx830z6,1
Id_m5833t25xh,1
Id_lsjdpg6t8t,1
Id_4we5bf1am3,1
Id_v0c8sf03hr,1
Id_4q6hv17ay5,1
Id_kq286lbazx,1
Id_pvp0adve54,1
Id_p1eydacgzh,1
Id_oo3wb1e85o,1
Id_w69r6tvq9h,1
Id_tbzh0jlylk,1
Id_pbe3qcw8y9,1
Id_xqktzgfy6u,1
Id_3vrhj3xbrd,1
Id_klimz9l0mu,1
Id_ek9nter49s,1
Id_0fb3aq83x6,1
Id_d9us82mokz,1
Id_z0qbgzcfmr,1
Id_u1kcet2rdh,1
Id_kvyicvfgcf,1
Id_i7nvvbhrts,1
Id_q1ww54vkgt,1
Id_dwalixvqbi,1
Id_hzu1kl2y0v,1
Id_253hhat9ly,1
Id_gxb01c8rsw,1
Id_56w10cmkvf,1
Id_eqbidxw1n0,1
Id_5y54vl5ig1,1
Id_vls2yvc9s3,1
Id_lpu65atq1c,1
Id_n05cfjxl8y,1
Id_pdr4bb3ste,1
Id_io4athusho,1
Id_5g8e7drfum,1
Id_rur7k1t45e,1
Id_dvaa498nit,1
Id_ldfj07sgyl,1
Id_eivpjzohoz,1
Id_8gnthm24dj,1
Id_rpdyopec13,1
Id_n00yaaekij,1
Id_y25gm2cjyx,1
Id_5isfuhdqvs,1
Id_bl2dh6tjxa,1
Id_tasaabrqhh,1
Id_12vvfv3u1d,1
Id_hxum4ig62c,1
Id_aix78mhk10,1
Id_yzdr5i96vv,1
Id_773tk3fw8i,1
Id_ok0me3howk,1
Id_ua982ydwug,1
Id_pgbegf1f3w,1
Id_5v632aoiuj,1
Id_3mggq20q5n,1
Id_qydfymxddq,1
Id_7yetbmm8b9,1
Id_ikvtub301y,1
Id_a836a3iv7d,1
Id_vwc67cyqus,1
Id_kmjnwx4q8c,1
Id_08gwuwi46y,1
Id_gu6ndcj6av,1
Id_gwyrreff1l,1
Id_4o2q94kai0,1
Id_ojhqai34c1,1
Id_up1mwe2044,1
Id_qq7vs8p18n,1
Id_zsaqnw7d0v,1
Id_u1s9wohj3g,1
Id_3l3yas6shm,1
Id_h9khg197p6,1
Id_njxg81t45z,1
Id_sy82hx1uxc,1
Id_uhgniic5m0,1
Id_unwg3v9qc6,1
Id_rhe2szyupu,1
Id_qyjzcejzdd,1
Id_bcgsrtrilx,1
Id_jyl9dyazzj,1
Id_lfnvs5qfs6,1
Id_s3yov319c8,1
Id_5wbok9n3l5,1
Id_uskq3sff9l,1
Id_spvz4obbqe,1
Id_nli80qhmqg,1
Id_sxatj1ojqn,1
Id_9ptfv38fxh,1
Id_0uhsp1slil,1
Id_kfzxv30evr,1
Id_m2t3i6tlzi,1
Id_j1jagawqdy,1
Id_q4bdkw5381,1
Id_zn4pawmnma,1
Id_05acjsunpq,1
Id_xkygecr337,1
Id_xyxkh063o0,1
Id_c0yf49nm78,1
Id_qtor6gujoa,1
Id_j4o4svirmh,1
Id_xlqebp699d,1
Id_3gcdnzj5b1,1
Id_b2ohkp3p6j,1
Id_f84xz72m4k,1
Id_od9hvlhh77,1
Id_qvknbf86my,1
Id_enx4fslu9v,1
Id_8m1ji2xuyk,1
Id_l5cyidvlab,1
Id_jjuzk7vch1,1
Id_3rsvtpmh2z,1
Id_ezpeuh4h34,1
Id_8xkalpnn9b,1
Id_njws0dmmap,1
Id_ablg0vuf2i,1
Id_njonnfdy2x,1
Id_5mqaulnqis,1
Id_membxa89xj,1
Id_07nyi9izop,1
Id_ca71pr1it1,1
Id_5nubb1ma43,1
Id_p01zyr5l2a,1
Id_9w9h4l97ka,1
Id_tje5pa2wxy,1
Id_69neclh2z3,1
Id_5k8ojhksgg,1
Id_xm3rq3y0uh,1
Id_6neyyqjb2r,1
Id_wywnr19n4p,1
Id_u2qttjnzsm,1
Id_ovypzmzu4y,1
Id_1bvwmnkj19,1
Id_7my1jg1kl2,1
Id_c64h2qnyjl,1
Id_v7db6tn2bt,1
Id_schtxsjrf1,1
Id_ql8jwa0v5a,1
Id_em2o9pt636,1
Id_iuur8ruo7v,1
Id_4upc5tonc8,1
Id_3h9dhjkh1d,1
Id_n8i134j8o2,1
Id_6it5jb1zqa,1
Id_xr9jxeuilo,1
Id_v2c60bt345,1
Id_2zhkja5hbs,1
Id_zo1sgevzvm,1
Id_f8bz5b0w0y,1
Id_w64u7diu2o,1
Id_mcvnp513t7,1
Id_rw3i914r26,1
Id_4ivg6d2xh4,1
Id_unmbbb3lul,1
Id_7583xlaqic,1
Id_efpkwuw2hg,1
Id_ikcs5rx2ng,1
Id_p4cktyw3zc,1
Id_u8010p6ujf,1
Id_767vv3wcml,1
Id_nlr3z4mmcj,1
Id_g9u6ak2ker,1
Id_yaejn6rk3r,1
Id_e3skrhusoj,1
Id_njxuq36qd8,1
Id_2r5wk4daf8,1
Id_tjadapg1rz,1
Id_j0jr8t9mit,1
Id_jzk9ghyuus,1
Id_vh0l0p8c4d,1
Id_h5foewd458,1
Id_pxlslqgio0,1
Id_hzdz4e1ncr,1
Id_5um3shrltc,1
Id_veae94vs7m,1
Id_pl3apb39si,1
Id_8zn48jhafx,1
Id_04ouurkg68,1
Id_ds66hpnerf,1
Id_r6rlf1037b,1
Id_lw71mvsd41,1
Id_imnv65aq6f,1
Id_zqhgkgqfkd,1
Id_ob3o7ll463,1
Id_2owbmn4nbm,1
Id_mbmznddedt,1
Id_gs6felb9x4,1
Id_65y7x1uz1g,1
Id_8acrgihb5u,1
Id_w0rlglb7l4,1
Id_qmnct8dkea,1
Id_eprsrsv98a,1
Id_g4ii28f6by,1
Id_jkhvuohoxx,1
Id_umlcarumop,1
Id_9i3ftn1oxi,1
Id_fr3ddyiehe,1
Id_lzpfbdsw2f,1
Id_h019zyw7zy,1
Id_o43v3bz46n,1
Id_6lcihhaicc,1
Id_mxcjtorn2w,1
Id_iogk84m72d,1
Id_exoifxvj0s,1
Id_ixio0xbvta,1
Id_3vjt2lnwp3,1
Id_q8na9byk0c,1
